,time,n_repost
0,2019-04-15 00:00:00,0
1,2019-04-15 01:00:00,0
2,2019-04-15 02:00:00,0
3,2019-04-15 03:00:00,0
4,2019-04-15 04:00:00,0
5,2019-04-15 05:00:00,0
6,2019-04-15 06:00:00,0
7,2019-04-15 07:00:00,0
8,2019-04-15 08:00:00,0
9,2019-04-15 09:00:00,0
10,2019-04-15 10:00:00,0
11,2019-04-15 11:00:00,0
12,2019-04-15 12:00:00,0
13,2019-04-15 13:00:00,0
14,2019-04-15 14:00:00,0
15,2019-04-15 15:00:00,0
16,2019-04-15 16:00:00,0
17,2019-04-15 17:00:00,0
18,2019-04-15 18:00:00,0
19,2019-04-15 19:00:00,0
20,2019-04-15 20:00:00,0
21,2019-04-15 21:00:00,0
22,2019-04-15 22:00:00,0
23,2019-04-15 23:00:00,0
24,2019-04-16 00:00:00,0
25,2019-04-16 01:00:00,0
26,2019-04-16 02:00:00,0
27,2019-04-16 03:00:00,0
28,2019-04-16 04:00:00,1
29,2019-04-16 05:00:00,54
30,2019-04-16 06:00:00,136
31,2019-04-16 07:00:00,271
32,2019-04-16 08:00:00,479
33,2019-04-16 09:00:00,645
34,2019-04-16 10:00:00,922
35,2019-04-16 11:00:00,1175
36,2019-04-16 12:00:00,1333
37,2019-04-16 13:00:00,1630
38,2019-04-16 14:00:00,1778
39,2019-04-16 15:00:00,1828
40,2019-04-16 16:00:00,1962
41,2019-04-16 17:00:00,2174
42,2019-04-16 18:00:00,2655
43,2019-04-16 19:00:00,2864
44,2019-04-16 20:00:00,2947
45,2019-04-16 21:00:00,3025
46,2019-04-16 22:00:00,3147
47,2019-04-16 23:00:00,4222
48,2019-04-17 00:00:00,5843
49,2019-04-17 01:00:00,6922
50,2019-04-17 02:00:00,7301
51,2019-04-17 03:00:00,7488
52,2019-04-17 04:00:00,7627
53,2019-04-17 05:00:00,7767
54,2019-04-17 06:00:00,8008
55,2019-04-17 07:00:00,8558
56,2019-04-17 08:00:00,9862
57,2019-04-17 09:00:00,11989
58,2019-04-17 10:00:00,14263
59,2019-04-17 11:00:00,16188
60,2019-04-17 12:00:00,18134
61,2019-04-17 13:00:00,20679
62,2019-04-17 14:00:00,22755
63,2019-04-17 15:00:00,24056
64,2019-04-17 16:00:00,25719
65,2019-04-17 17:00:00,27099
66,2019-04-17 18:00:00,28308
67,2019-04-17 19:00:00,30076
68,2019-04-17 20:00:00,32081
69,2019-04-17 21:00:00,33642
70,2019-04-17 22:00:00,35203
71,2019-04-17 23:00:00,36971
72,2019-04-18 00:00:00,38839
73,2019-04-18 01:00:00,40482
74,2019-04-18 02:00:00,41143
75,2019-04-18 03:00:00,41444
76,2019-04-18 04:00:00,41657
77,2019-04-18 05:00:00,41842
78,2019-04-18 06:00:00,42065
79,2019-04-18 07:00:00,42636
80,2019-04-18 08:00:00,43641
81,2019-04-18 09:00:00,44965
82,2019-04-18 10:00:00,46210
83,2019-04-18 11:00:00,47340
84,2019-04-18 12:00:00,48254
85,2019-04-18 13:00:00,49154
86,2019-04-18 14:00:00,49844
87,2019-04-18 15:00:00,50352
88,2019-04-18 16:00:00,50880
89,2019-04-18 17:00:00,51278
90,2019-04-18 18:00:00,51646
91,2019-04-18 19:00:00,52341
92,2019-04-18 20:00:00,52808
93,2019-04-18 21:00:00,53194
94,2019-04-18 22:00:00,53607
95,2019-04-18 23:00:00,53997
96,2019-04-19 00:00:00,54408
97,2019-04-19 01:00:00,54690
98,2019-04-19 02:00:00,54842
99,2019-04-19 03:00:00,54945
100,2019-04-19 04:00:00,54991
101,2019-04-19 05:00:00,55047
102,2019-04-19 06:00:00,55162
103,2019-04-19 07:00:00,55351
104,2019-04-19 08:00:00,55736
105,2019-04-19 09:00:00,56226
106,2019-04-19 10:00:00,56828
107,2019-04-19 11:00:00,57327
108,2019-04-19 12:00:00,57790
109,2019-04-19 13:00:00,58367
110,2019-04-19 14:00:00,58973
111,2019-04-19 15:00:00,59365
112,2019-04-19 16:00:00,59716
113,2019-04-19 17:00:00,60035
114,2019-04-19 18:00:00,60361
115,2019-04-19 19:00:00,60649
116,2019-04-19 20:00:00,61013
117,2019-04-19 21:00:00,61408
118,2019-04-19 22:00:00,61857
119,2019-04-19 23:00:00,62234
120,2019-04-20 00:00:00,62512
121,2019-04-20 01:00:00,62702
122,2019-04-20 02:00:00,62817
123,2019-04-20 03:00:00,62882
124,2019-04-20 04:00:00,62932
125,2019-04-20 05:00:00,63001
126,2019-04-20 06:00:00,63072
127,2019-04-20 07:00:00,63200
128,2019-04-20 08:00:00,63398
129,2019-04-20 09:00:00,63665
130,2019-04-20 10:00:00,64040
131,2019-04-20 11:00:00,64855
132,2019-04-20 12:00:00,65592
133,2019-04-20 13:00:00,66260
134,2019-04-20 14:00:00,66701
135,2019-04-20 15:00:00,67053
136,2019-04-20 16:00:00,67508
137,2019-04-20 17:00:00,67837
138,2019-04-20 18:00:00,68154
139,2019-04-20 19:00:00,68534
140,2019-04-20 20:00:00,68873
141,2019-04-20 21:00:00,69169
142,2019-04-20 22:00:00,69429
143,2019-04-20 23:00:00,69790
144,2019-04-21 00:00:00,70055
145,2019-04-21 01:00:00,70212
146,2019-04-21 02:00:00,70315
147,2019-04-21 03:00:00,70382
148,2019-04-21 04:00:00,70434
149,2019-04-21 05:00:00,70466
150,2019-04-21 06:00:00,70505
151,2019-04-21 07:00:00,70587
152,2019-04-21 08:00:00,70779
153,2019-04-21 09:00:00,71048
154,2019-04-21 10:00:00,71364
155,2019-04-21 11:00:00,71620
156,2019-04-21 12:00:00,74924
157,2019-04-21 13:00:00,78486
158,2019-04-21 14:00:00,80663
159,2019-04-21 15:00:00,82211
160,2019-04-21 16:00:00,83517
161,2019-04-21 17:00:00,85381
162,2019-04-21 18:00:00,86777
163,2019-04-21 19:00:00,87829
164,2019-04-21 20:00:00,88791
165,2019-04-21 21:00:00,89601
166,2019-04-21 22:00:00,90673
167,2019-04-21 23:00:00,91513
168,2019-04-22 00:00:00,92241
169,2019-04-22 01:00:00,92704
170,2019-04-22 02:00:00,92951
171,2019-04-22 03:00:00,93105
172,2019-04-22 04:00:00,93186
173,2019-04-22 05:00:00,93233
174,2019-04-22 06:00:00,93294
175,2019-04-22 07:00:00,93541
176,2019-04-22 08:00:00,93985
177,2019-04-22 09:00:00,94758
178,2019-04-22 10:00:00,95422
179,2019-04-22 11:00:00,95985
180,2019-04-22 12:00:00,96395
181,2019-04-22 13:00:00,96858
182,2019-04-22 14:00:00,97435
183,2019-04-22 15:00:00,97800
184,2019-04-22 16:00:00,98065
185,2019-04-22 17:00:00,98374
186,2019-04-22 18:00:00,98617
187,2019-04-22 19:00:00,98912
188,2019-04-22 20:00:00,99171
189,2019-04-22 21:00:00,99478
190,2019-04-22 22:00:00,99805
191,2019-04-22 23:00:00,100617
192,2019-04-23 00:00:00,101378
